INSERT INTO `documentsData` (`id`,`name`,`workflow`,`type`,`uploadedBy`,`uploadedDate`,`size`,`status`) VALUES ('DOC-001','Site Survey Report - Adyar.pdf','WF-2024-001','Survey Report','Assistant A','2024-11-12','2.4 MB','approved');
INSERT INTO `documentsData` (`id`,`name`,`workflow`,`type`,`uploadedBy`,`uploadedDate`,`size`,`status`) VALUES ('DOC-002','Property Ownership Deed.pdf','WF-2024-001','Legal Document','Client','2024-11-10','1.8 MB','approved');
INSERT INTO `documentsData` (`id`,`name`,`workflow`,`type`,`uploadedBy`,`uploadedDate`,`size`,`status`) VALUES ('DOC-003','Valuation Report - Final.pdf','WF-2024-003','Valuation','Engineer','2024-11-09','3.2 MB','pending');
INSERT INTO `documentsData` (`id`,`name`,`workflow`,`type`,`uploadedBy`,`uploadedDate`,`size`,`status`) VALUES ('DOC-004','Structural Analysis.pdf','WF-2024-002','Technical Report','Assistant B','2024-11-11','4.1 MB','under-review');
INSERT INTO `documentsData` (`id`,`name`,`workflow`,`type`,`uploadedBy`,`uploadedDate`,`size`,`status`) VALUES ('DOC-005','Floor Plans - Commercial Property.pdf','WF-2024-004','Technical Drawing','Assistant C','2024-11-11','5.6 MB','approved');
INSERT INTO `documentsData` (`id`,`name`,`workflow`,`type`,`uploadedBy`,`uploadedDate`,`size`,`status`) VALUES ('DOC-006','Tax Assessment Certificate.pdf','WF-2024-001','Legal Document','Client','2024-11-09','0.8 MB','approved');
INSERT INTO `documentsData` (`id`,`name`,`workflow`,`type`,`uploadedBy`,`uploadedDate`,`size`,`status`) VALUES ('DOC-007','Boundary Survey Map.pdf','WF-2024-006','Survey Report','Assistant A','2024-11-10','3.5 MB','under-review');
INSERT INTO `documentsData` (`id`,`name`,`workflow`,`type`,`uploadedBy`,`uploadedDate`,`size`,`status`) VALUES ('DOC-008','Completion Certificate - Villa ECR.pdf','WF-2024-007','Compliance','Engineer','2024-11-05','1.2 MB','approved');

INSERT INTO `tasksData` (`id`,`title`,`workflow`,`phase`,`assignee`,`priority`,`status`,`dueDate`,`createdDate`) VALUES ('TSK-001','Complete site inspection for Plot Survey - Adyar','WF-2024-001','Document Preparation','Assistant A','high','pending','2024-11-14','2024-11-10');
INSERT INTO `tasksData` (`id`,`title`,`workflow`,`phase`,`assignee`,`priority`,`status`,`dueDate`,`createdDate`) VALUES ('TSK-002','Upload property documents for House Validation','WF-2024-002','Initial Survey','Assistant B','medium','in-progress','2024-11-16','2024-11-11');
INSERT INTO `tasksData` (`id`,`title`,`workflow`,`phase`,`assignee`,`priority`,`status`,`dueDate`,`createdDate`) VALUES ('TSK-003','Review and approve final valuation report','WF-2024-003','Final Approval','Engineer','high','overdue','2024-11-12','2024-11-08');
INSERT INTO `tasksData` (`id`,`title`,`workflow`,`phase`,`assignee`,`priority`,`status`,`dueDate`,`createdDate`) VALUES ('TSK-004','Conduct structural analysis - Anna Nagar','WF-2024-004','Site Inspection','Assistant C','high','in-progress','2024-11-15','2024-11-09');
INSERT INTO `tasksData` (`id`,`title`,`workflow`,`phase`,`assignee`,`priority`,`status`,`dueDate`,`createdDate`) VALUES ('TSK-005','Prepare legal document checklist','WF-2024-005','Final Documentation','Engineer','medium','pending','2024-11-17','2024-11-12');
INSERT INTO `tasksData` (`id`,`title`,`workflow`,`phase`,`assignee`,`priority`,`status`,`dueDate`,`createdDate`) VALUES ('TSK-006','Schedule client meeting for survey planning','WF-2024-006','Survey Planning','Assistant A','low','pending','2024-11-19','2024-11-11');
INSERT INTO `tasksData` (`id`,`title`,`workflow`,`phase`,`assignee`,`priority`,`status`,`dueDate`,`createdDate`) VALUES ('TSK-007','Final report submission - Villa ECR','WF-2024-007','Completed','Engineer','low','completed','2024-11-05','2024-11-01');
INSERT INTO `tasksData` (`id`,`title`,`workflow`,`phase`,`assignee`,`priority`,`status`,`dueDate`,`createdDate`) VALUES ('TSK-008','Technical evaluation - Office Space OMR','WF-2024-008','Technical Evaluation','Assistant B','high','in-progress','2024-11-18','2024-11-10');
INSERT INTO `tasksData` (`id`,`title`,`workflow`,`phase`,`assignee`,`priority`,`status`,`dueDate`,`createdDate`) VALUES ('TSK-009','Photo documentation - Plot Survey Adyar','WF-2024-001','Document Preparation','Assistant A','medium','pending','2024-11-14','2024-11-12');
INSERT INTO `tasksData` (`id`,`title`,`workflow`,`phase`,`assignee`,`priority`,`status`,`dueDate`,`createdDate`) VALUES ('TSK-010','Client document verification','WF-2024-002','Initial Survey','Client','high','overdue','2024-11-13','2024-11-09');

INSERT INTO `templatesData` (`id`,`name`,`description`,`phases`,`avgDuration`,`usageCount`,`status`,`requiredRoles`) VALUES ('TPL-001','Standard Plot Survey','Complete workflow for residential plot surveying and documentation',5,'7-10 days',45,'active','["Engineer","Assistant","Client"]');
INSERT INTO `templatesData` (`id`,`name`,`description`,`phases`,`avgDuration`,`usageCount`,`status`,`requiredRoles`) VALUES ('TPL-002','House Assessment','Comprehensive house validation and valuation process',6,'10-14 days',32,'active','["Engineer","Assistant A","Assistant B","Client"]');
INSERT INTO `templatesData` (`id`,`name`,`description`,`phases`,`avgDuration`,`usageCount`,`status`,`requiredRoles`) VALUES ('TPL-003','Land Valuation','Land assessment workflow with detailed documentation',4,'5-7 days',28,'active','["Engineer","Assistant","Client"]');
INSERT INTO `templatesData` (`id`,`name`,`description`,`phases`,`avgDuration`,`usageCount`,`status`,`requiredRoles`) VALUES ('TPL-004','Commercial Assessment','Commercial property evaluation and approval workflow',7,'14-21 days',18,'active','["Engineer","Senior Assistant","Assistant","Client"]');
INSERT INTO `templatesData` (`id`,`name`,`description`,`phases`,`avgDuration`,`usageCount`,`status`,`requiredRoles`) VALUES ('TPL-005','Multi-Unit Residential','Apartment complex or multi-family unit assessment',8,'15-20 days',15,'active','["Engineer","Assistant A","Assistant B","Client"]');
INSERT INTO `templatesData` (`id`,`name`,`description`,`phases`,`avgDuration`,`usageCount`,`status`,`requiredRoles`) VALUES ('TPL-006','Agricultural Land Survey','Agricultural property validation and documentation',5,'8-12 days',12,'active','["Engineer","Assistant","Client"]');

INSERT INTO `workflowsData` (`id`,`name`,`template`,`status`,`progress`,`currentPhase`,`assignee`,`startDate`,`dueDate`,`priority`) VALUES ('WF-2024-001','Plot Survey - Adyar District','Standard Plot Survey','in-progress',65,'Document Preparation','Assistant A','2024-11-01','2024-11-15','high');
INSERT INTO `workflowsData` (`id`,`name`,`template`,`status`,`progress`,`currentPhase`,`assignee`,`startDate`,`dueDate`,`priority`) VALUES ('WF-2024-002','House Validation - T Nagar','House Assessment','pending',25,'Initial Survey','Assistant B','2024-11-05','2024-11-18','medium');
INSERT INTO `workflowsData` (`id`,`name`,`template`,`status`,`progress`,`currentPhase`,`assignee`,`startDate`,`dueDate`,`priority`) VALUES ('WF-2024-003','Land Assessment - Velachery','Land Valuation','completed',100,'Final Approval','Client','2024-10-20','2024-11-10','low');
INSERT INTO `workflowsData` (`id`,`name`,`template`,`status`,`progress`,`currentPhase`,`assignee`,`startDate`,`dueDate`,`priority`) VALUES ('WF-2024-004','Commercial Property - Anna Nagar','Commercial Assessment','in-progress',45,'Site Inspection','Assistant C','2024-11-03','2024-11-20','high');
INSERT INTO `workflowsData` (`id`,`name`,`template`,`status`,`progress`,`currentPhase`,`assignee`,`startDate`,`dueDate`,`priority`) VALUES ('WF-2024-005','Apartment Complex - Mylapore','House Assessment','in-progress',78,'Final Documentation','Engineer','2024-10-28','2024-11-13','high');
INSERT INTO `workflowsData` (`id`,`name`,`template`,`status`,`progress`,`currentPhase`,`assignee`,`startDate`,`dueDate`,`priority`) VALUES ('WF-2024-006','Land Survey - Guindy','Land Valuation','pending',15,'Survey Planning','Assistant A','2024-11-08','2024-11-22','medium');
INSERT INTO `workflowsData` (`id`,`name`,`template`,`status`,`progress`,`currentPhase`,`assignee`,`startDate`,`dueDate`,`priority`) VALUES ('WF-2024-007','Villa Assessment - ECR','House Assessment','completed',100,'Completed','Engineer','2024-10-15','2024-11-05','low');
INSERT INTO `workflowsData` (`id`,`name`,`template`,`status`,`progress`,`currentPhase`,`assignee`,`startDate`,`dueDate`,`priority`) VALUES ('WF-2024-008','Office Space - OMR','Commercial Assessment','in-progress',55,'Technical Evaluation','Assistant B','2024-11-02','2024-11-25','high');

